fund_house,aum_crore
SBI Mutual Fund,943444.4444444445
ICICI Prudential MF,699222.2222222222
HDFC Mutual Fund,636888.8888888889
Nippon India MF,434333.3333333333
Kotak Mahindra MF,389111.1111111111
Aditya Birla Sun Life MF,341888.8888888889
UTI Mutual Fund,297888.8888888889
Axis Mutual Fund,280111.1111111111
Mirae Asset MF,173444.44444444444
DSP Mutual Fund,156555.55555555556
