index_name,min,max,mean
BSE_SMALLCAP,23592.64,79075.39,39375.02835652174
CRISIL_GILT,1444.13,2302.79,1779.534591304348
CRISIL_LIQUID,2281.51,3046.0,2639.9265739130437
NIFTY100,14128.86,21088.58,17186.437626086958
NIFTY50,17492.79,27798.72,22089.362886956522
NIFTY500,14426.04,38418.87,23316.830495652175
NIFTY_MIDCAP150,8980.6,32990.66,22076.530739130438
