index_name,close_value
BSE_SMALLCAP,39375.02835652174
CRISIL_GILT,1779.534591304348
CRISIL_LIQUID,2639.9265739130437
NIFTY100,17186.437626086958
NIFTY50,22089.362886956522
NIFTY500,23316.830495652175
NIFTY_MIDCAP150,22076.530739130438
