amfi_code,VaR_95,CVaR_95
149324,-0.023483069386777154,-0.03103625202188441
